authIdHalFullName_fs	authIdHalFullName_fs	halId_s	docType_s	producedDateY_i	fileMain_s	doiId_s
Patricia Sajous,Valérie Bailly‐hascoët	"c(""patricia-sajous_FacetSep_Patricia Sajous"", ""_FacetSep_Valérie Bailly‐hascoët"")"	hal-01670588	ART	2017	https://hal.science/hal-01670588/document	10.4074/S0761898017002011
Samuel Deprez	deprez-samuel_FacetSep_Samuel Deprez	hal-02468582	ART	2016	https://hal.science/hal-02468582/document	10.4000/netcom.2342
Arnaud Serry,Ronan Kerbiriou,C. Méjane	"c(""arnaudserry_FacetSep_Arnaud Serry"", ""ronan-kerbiriou_FacetSep_Ronan Kerbiriou"", ""_FacetSep_C. Méjane"")"	hal-02506063	REPORT	2020	https://hal.science/hal-02506063/document	NA
Philippe Vidal	philippe-vidal_FacetSep_Philippe Vidal	hal-02478767	COUV	2020	https://hal.science/hal-02478767/document	NA
Thomas Vaisset	thomas-vaisset_FacetSep_Thomas Vaisset	hal-02501048	COUV	2016	https://normandie-univ.hal.science/hal-02501048/document	10.4000/books.psorbonne.41348
Alexandre Cebeillac,Éric Daudé,Alain Vaguet	"c(""_FacetSep_Alexandre Cebeillac"", ""eric-daude_FacetSep_Éric Daudé"", ""_FacetSep_Alain Vaguet"")"	halshs-01650030	COMM	2017	https://shs.hal.science/halshs-01650030/document	NA
Jonas Pigeon	jonas-pigeon_FacetSep_Jonas Pigeon	hal-02304571	ART	2017	https://hal.science/hal-02304571/document	10.1016/j.egypro.2017.03.1864
Thomas Vaisset,Jean de Préneuf	"c(""thomas-vaisset_FacetSep_Thomas Vaisset"", ""jean-de-preneuf_FacetSep_Jean de Préneuf"")"	hal-02957040	ART	2019	https://hal.science/hal-02957040/document	10.3917/rdna.816.004
Arnaud Serry	arnaudserry_FacetSep_Arnaud Serry	hal-01724122	OTHER	2018	https://hal.science/hal-01724122/document	NA
Yvette Vaguet	yvette-vaguet_FacetSep_Yvette Vaguet	hal-02317680	ART	2018	https://hal.science/hal-02317680/document	10.4000/belgeo.24777
Bertrand Lefebvre	bertrand-lefebvre_FacetSep_Bertrand Lefebvre	medihal-01564129	MAP	2016	https://media.hal.science/medihal-01564129/document	NA
Bertrand Lefebvre	bertrand-lefebvre_FacetSep_Bertrand Lefebvre	medihal-01564086	MAP	2016	https://media.hal.science/medihal-01564086/document	NA
Adrien Gonnet	_FacetSep_Adrien Gonnet	tel-01746114	THESE	2017	https://theses.hal.science/tel-01746114/document	NA
Catalina Santana Bucio	_FacetSep_Catalina Santana Bucio	tel-01962996	THESE	2018	https://theses.hal.science/tel-01962996/document	NA
Shirley Malgouyres	_FacetSep_Shirley Malgouyres	tel-03131455	THESE	2020	https://theses.hal.science/tel-03131455/document	NA
Béatrice Galinon-Mélénec	galinon-melenec_FacetSep_Béatrice Galinon-Mélénec	hal-01317567	COUV	2016	https://hal.science/hal-01317567/document	NA
Béatrice Galinon-Mélénec	galinon-melenec_FacetSep_Béatrice Galinon-Mélénec	hal-01833137	COUV	2017	https://normandie-univ.hal.science/hal-01833137/document	NA
Yvette Vaguet,Armelle Couillet,Céline Colange	"c(""yvette-vaguet_FacetSep_Yvette Vaguet"", ""armelle-couillet_FacetSep_Armelle Couillet"", ""_FacetSep_Céline Colange"")"	hal-01826317	POSTER	2017	https://normandie-univ.hal.science/hal-01826317/document	NA
Somsakun Maneerat,Éric Daudé	"c(""_FacetSep_Somsakun Maneerat"", ""eric-daude_FacetSep_Éric Daudé"")"	halshs-01529876	ART	2017	https://shs.hal.science/halshs-01529876/document	10.4000/cybergeo.28078
Jean-Yves Pérodou,Armelle Couillet	"c(""_FacetSep_Jean-Yves Pérodou"", ""armelle-couillet_FacetSep_Armelle Couillet"")"	halshs-02483305	MAP	2019	https://shs.hal.science/halshs-02483305/document	NA
Philippe Vidal	philippe-vidal_FacetSep_Philippe Vidal	tel-02473349	HDR	2017	https://hal.science/tel-02473349/document	NA
Arnaud Serry	arnaudserry_FacetSep_Arnaud Serry	hal-02943433	COMM	2020	https://normandie-univ.hal.science/hal-02943433/document	NA
François Raulin,Lilian Loubet,Arnaud Serry	"c(""francois-raulin_FacetSep_François Raulin"", ""loubet-lilian_FacetSep_Lilian Loubet"", ""arnaudserry_FacetSep_Arnaud Serry"")"	hal-02896605	ART	2020	https://normandie-univ.hal.science/hal-02896605/document	10.25518/0770-7576.6008
Diane Le Luyer	_FacetSep_Diane Le Luyer	hal-01854368	COMM	2018	https://hal.science/hal-01854368/document	NA
Yann Leborgne	_FacetSep_Yann Leborgne	hal-01854397	COMM	2018	https://hal.science/hal-01854397/document	NA
Fanny Jedlicki	_FacetSep_Fanny Jedlicki	hal-02434050	ART	2016	https://univ-rennes2.hal.science/hal-02434050/document	10.4000/conflits.19396
Elise Autrive	_FacetSep_Elise Autrive	hal-03114150	COMM	2020	https://hal.science/hal-03114150/document	NA
Bertrand Lefebvre	bertrand-lefebvre_FacetSep_Bertrand Lefebvre	medihal-01564203	MAP	2016	https://media.hal.science/medihal-01564203/document	NA
Fanny Jedlicki,Emilie Legrand	"c(""_FacetSep_Fanny Jedlicki"", ""emilie-legrand_FacetSep_Emilie Legrand"")"	hal-02434042	ART	2017	https://univ-rennes2.hal.science/hal-02434042/document	10.4000/pistes.4915
Sidi Dembele	_FacetSep_Sidi Dembele	tel-03085785	THESE	2018	https://theses.hal.science/tel-03085785/document	NA
Yann Leborgne	_FacetSep_Yann Leborgne	tel-02363707	THESE	2019	https://theses.hal.science/tel-02363707/document	NA
Jonas Pigeon	jonas-pigeon_FacetSep_Jonas Pigeon	hal-02301712	COMM	2019	https://hal.science/hal-02301712/document	NA
Robin Thillard	_FacetSep_Robin Thillard	hal-03114149	COMM	2020	https://hal.science/hal-03114149/document	NA
Alexandre Cebeillac,Éric Daudé,Alain Vaguet	"c(""_FacetSep_Alexandre Cebeillac"", ""eric-daude_FacetSep_Éric Daudé"", ""_FacetSep_Alain Vaguet"")"	hal-01649148	COMM	2017	https://hal.science/hal-01649148/document	NA
Laurent Beauguitte	laurent-beauguitte_FacetSep_Laurent Beauguitte	halshs-02570627	UNDEFINED	2020	https://shs.hal.science/halshs-02570627/document	NA
Joël Colloc	thx036976580304_FacetSep_Joël Colloc	hal-01553437	ART	2016	https://normandie-univ.hal.science/hal-01553437/document	10.3166/LCN.12.1-2.187-212
Arnaud Serry,Lilian Loubet	"c(""arnaudserry_FacetSep_Arnaud Serry"", ""loubet-lilian_FacetSep_Lilian Loubet"")"	hal-03025856	ART	2020	https://normandie-univ.hal.science/hal-03025856/document	10.4000/mappemonde.4828
Wandrille Hucy	wandrille-hucy_FacetSep_Wandrille Hucy	hal-02455874	COUV	2017	https://hal.science/hal-02455874/document	NA
Laurent Beauguitte	laurent-beauguitte_FacetSep_Laurent Beauguitte	hal-01854394	COMM	2018	https://hal.science/hal-01854394/document	NA
Antonin Girardin	antonin-girardin_FacetSep_Antonin Girardin	hal-01854408	COMM	2018	https://hal.science/hal-01854408/document	NA
Yvette Vaguet	yvette-vaguet_FacetSep_Yvette Vaguet	tel-04457362	HDR	2018	https://hal.science/tel-04457362/document	NA
Fanny Jedlicki,Emilie Legrand	"c(""_FacetSep_Fanny Jedlicki"", ""emilie-legrand_FacetSep_Emilie Legrand"")"	hal-02433991	ART	2017	https://univ-rennes2.hal.science/hal-02433991/document	NA
Bertrand Lefebvre	bertrand-lefebvre_FacetSep_Bertrand Lefebvre	medihal-01564221	MAP	2016	https://media.hal.science/medihal-01564221/document	NA
Bertrand Lefebvre	bertrand-lefebvre_FacetSep_Bertrand Lefebvre	medihal-01564094	MAP	2016	https://media.hal.science/medihal-01564094/document	NA
Bertrand Lefebvre	bertrand-lefebvre_FacetSep_Bertrand Lefebvre	medihal-01564123	MAP	2016	https://media.hal.science/medihal-01564123/document	NA
Sandra Gaviria	sandra-gaviria_FacetSep_Sandra Gaviria	hal-02385917	ART	2016	https://hal.science/hal-02385917/document	NA
Antonin Girardin	antonin-girardin_FacetSep_Antonin Girardin	tel-03169402	THESE	2020	https://theses.hal.science/tel-03169402/document	NA
Alexandre Geffroy	_FacetSep_Alexandre Geffroy	tel-02018300	THESE	2018	https://theses.hal.science/tel-02018300/document	NA
Serge Tillmann	_FacetSep_Serge Tillmann	tel-01957742	THESE	2018	https://theses.hal.science/tel-01957742/document	NA
Delphine Blanchard	_FacetSep_Delphine Blanchard	tel-02410165	THESE	2017	https://theses.hal.science/tel-02410165/document	NA
Marie-Hélène Gauthier	marie-helene-gauthier_FacetSep_Marie-Hélène Gauthier	hal-03597548	OTHER	2020	https://hal.science/hal-03597548/document	10.4000/netcom.4410
Hajer Zarrouk	_FacetSep_Hajer Zarrouk	tel-01743769	THESE	2016	https://theses.hal.science/tel-01743769/document	NA
Emilie Bonnet	_FacetSep_Emilie Bonnet	hal-01353666	COMM	2016	https://hal.science/hal-01353666/document	NA
Patricia Sajous	patricia-sajous_FacetSep_Patricia Sajous	tel-03273556	HDR	2020	https://hal.science/tel-03273556/document	NA
Ronan Kerbiriou,L. Levêque,Arnaud Serry	"c(""ronan-kerbiriou_FacetSep_Ronan Kerbiriou"", ""_FacetSep_L. Levêque"", ""arnaudserry_FacetSep_Arnaud Serry"")"	hal-02506071	REPORT	2019	https://hal.science/hal-02506071/document	NA
Thomas Huraux,Renaud Misslin,Alexandre Cebeillac,Alain Vaguet,Éric Daudé	"c(""_FacetSep_Thomas Huraux"", ""_FacetSep_Renaud Misslin"", ""_FacetSep_Alexandre Cebeillac"", ""_FacetSep_Alain Vaguet"", ""eric-daude_FacetSep_Éric Daudé"")"	halshs-01650033	COMM	2017	https://shs.hal.science/halshs-01650033/document	NA
Éric Daudé	eric-daude_FacetSep_Éric Daudé	tel-01998347	HDR	2018	https://theses.hal.science/tel-01998347/document	NA
Bertrand Lefebvre	bertrand-lefebvre_FacetSep_Bertrand Lefebvre	medihal-01564239	MAP	2016	https://media.hal.science/medihal-01564239/document	NA
Bertrand Lefebvre	bertrand-lefebvre_FacetSep_Bertrand Lefebvre	medihal-01564164	MAP	2016	https://media.hal.science/medihal-01564164/document	NA
Mi-Ae Lee	_FacetSep_Mi-Ae Lee	tel-01947446	THESE	2018	https://theses.hal.science/tel-01947446/document	NA
Anne-Solène Quiec	_FacetSep_Anne-Solène Quiec	tel-02048568	THESE	2018	https://theses.hal.science/tel-02048568/document	NA
Jonas Pigeon	_FacetSep_Jonas Pigeon	tel-01692021	THESE	2016	https://theses.hal.science/tel-01692021/document	NA
Bertrand Lefebvre	bertrand-lefebvre_FacetSep_Bertrand Lefebvre	medihal-01564118	MAP	2016	https://media.hal.science/medihal-01564118/document	NA
Bertrand Lefebvre	bertrand-lefebvre_FacetSep_Bertrand Lefebvre	medihal-01564218	MAP	2016	https://media.hal.science/medihal-01564218/document	NA
Bertrand Lefebvre	bertrand-lefebvre_FacetSep_Bertrand Lefebvre	medihal-01564137	MAP	2016	https://media.hal.science/medihal-01564137/document	NA
Bertrand Lefebvre	bertrand-lefebvre_FacetSep_Bertrand Lefebvre	medihal-01564219	MAP	2016	https://media.hal.science/medihal-01564219/document	NA
Bertrand Lefebvre	bertrand-lefebvre_FacetSep_Bertrand Lefebvre	medihal-01564152	MAP	2016	https://media.hal.science/medihal-01564152/document	NA
Arnaud Serry,Lilian Loubet	"c(""arnaudserry_FacetSep_Arnaud Serry"", ""loubet-lilian_FacetSep_Lilian Loubet"")"	hal-02290450	ART	2019	https://hal.science/hal-02290450/document	10.12716/1001.13.03.17
Joël Colloc	thx036976580304_FacetSep_Joël Colloc	hal-02435893	COMM	2016	https://hal.science/hal-02435893/document	NA
Alexandre Cebeillac,Éric Daudé,Thomas Huraux	"c(""_FacetSep_Alexandre Cebeillac"", ""eric-daude_FacetSep_Éric Daudé"", ""_FacetSep_Thomas Huraux"")"	halshs-01779614	ART	2017	https://shs.hal.science/halshs-01779614/document	10.4000/netcom.2725
Yvette Vaguet	yvette-vaguet_FacetSep_Yvette Vaguet	hal-01853864	ART	2018	https://hal.science/hal-01853864/document	NA
Arnaud Serry,Laurent Lévêque,Ronan Kerbiriou	"c(""arnaudserry_FacetSep_Arnaud Serry"", ""_FacetSep_Laurent Lévêque"", ""ronan-kerbiriou_FacetSep_Ronan Kerbiriou"")"	hal-02525434	COMM	2017	https://hal.science/hal-02525434/document	NA
Marion Sabrié	_FacetSep_Marion Sabrié	hal-02148987	ART	2019	https://hal.science/hal-02148987/document	10.4000/moussons.4892
Arnaud Serry	_FacetSep_Arnaud Serry	hal-01724082	OTHER	2018	https://hal.science/hal-01724082/document	NA
Béatrice Galinon-Mélénec	galinon-melenec_FacetSep_Béatrice Galinon-Mélénec	hal-01833192	UNDEFINED	2018	https://normandie-univ.hal.science/hal-01833192/document	NA
Philippe Vial,Thomas Vaisset	"c(""_FacetSep_Philippe Vial"", ""thomas-vaisset_FacetSep_Thomas Vaisset"")"	hal-02500886	COUV	2017	https://normandie-univ.hal.science/hal-02500886/document	NA
Etienne Cahu	_FacetSep_Etienne Cahu	tel-01758026	THESE	2017	https://theses.hal.science/tel-01758026/document	NA
Michel Poisson	_FacetSep_Michel Poisson	tel-01951900	THESE	2018	https://theses.hal.science/tel-01951900/document	NA
Diane Le Luyer	_FacetSep_Diane Le Luyer	tel-02924658	THESE	2020	https://theses.hal.science/tel-02924658/document	NA
Isabelle Collin	_FacetSep_Isabelle Collin	tel-02294007	THESE	2019	https://theses.hal.science/tel-02294007/document	NA
Omar Mahamoud Ismael	_FacetSep_Omar Mahamoud Ismael	tel-04346160	THESE	2018	https://theses.hal.science/tel-04346160/document	NA
Thomas Vaisset	thomas-vaisset_FacetSep_Thomas Vaisset	hal-02500795	ART	2018	https://normandie-univ.hal.science/hal-02500795/document	10.3917/om.182.0129
Thomas Vaisset	thomas-vaisset_FacetSep_Thomas Vaisset	hal-02500573	ART	2019	https://normandie-univ.hal.science/hal-02500573/document	10.7227/HRV.5.2.7
Thomas Vaisset	thomas-vaisset_FacetSep_Thomas Vaisset	hal-02500804	COUV	2017	https://normandie-univ.hal.science/hal-02500804/document	NA
Gaëlla Loiseau	_FacetSep_Gaëlla Loiseau	hal-01784179	COUV	2016	https://hal.science/hal-01784179/document	NA
Yvette Vaguet	yvette-vaguet_FacetSep_Yvette Vaguet	halshs-01779914	COUV	2016	https://shs.hal.science/halshs-01779914/document	NA
François Guiziou	francois-guiziou_FacetSep_François Guiziou	hal-03944556	COUV	2016	https://hal.science/hal-03944556/document	NA
Arnaud Serry,Lilian Loubet	"c(""arnaudserry_FacetSep_Arnaud Serry"", ""loubet-lilian_FacetSep_Lilian Loubet"")"	hal-02406561	COMM	2019	https://hal.science/hal-02406561/document	NA
Arnaud Serry,Ronan Kerbiriou	"c(""arnaudserry_FacetSep_Arnaud Serry"", ""ronan-kerbiriou_FacetSep_Ronan Kerbiriou"")"	hal-02941996	COMM	2020	https://normandie-univ.hal.science/hal-02941996/document	NA
Delphine Blanchard	_FacetSep_Delphine Blanchard	hal-01854377	COMM	2018	https://hal.science/hal-01854377/document	NA
Wandrille Hucy	wandrille-hucy_FacetSep_Wandrille Hucy	hal-02469875	COMM	2016	https://hal.science/hal-02469875/document	NA
Arnaud Serry	arnaudserry_FacetSep_Arnaud Serry	hal-01724087	ART	2017	https://hal.science/hal-01724087/document	10.15181/rfds.v23i3.1591
Arnaud Serry	arnaudserry_FacetSep_Arnaud Serry	hal-02290460	ART	2019	https://hal.science/hal-02290460/document	10.18778/1231-1952.26.1.01
Fanny Jedlicki,Emilie Legrand	"c(""_FacetSep_Fanny Jedlicki"", ""emilie-legrand_FacetSep_Emilie Legrand"")"	hal-02434000	ART	2017	https://univ-rennes2.hal.science/hal-02434000/document	10.4000/pistes.4918
Bertrand Lefebvre	bertrand-lefebvre_FacetSep_Bertrand Lefebvre	medihal-01564216	MAP	2016	https://media.hal.science/medihal-01564216/document	NA
Bertrand Lefebvre	bertrand-lefebvre_FacetSep_Bertrand Lefebvre	medihal-01564214	MAP	2016	https://media.hal.science/medihal-01564214/document	NA
Bertrand Lefebvre	bertrand-lefebvre_FacetSep_Bertrand Lefebvre	medihal-01564245	MAP	2016	https://media.hal.science/medihal-01564245/document	NA
Bertrand Lefebvre	bertrand-lefebvre_FacetSep_Bertrand Lefebvre	medihal-01564193	MAP	2016	https://media.hal.science/medihal-01564193/document	NA
Bertrand Lefebvre	bertrand-lefebvre_FacetSep_Bertrand Lefebvre	medihal-01564142	MAP	2016	https://media.hal.science/medihal-01564142/document	NA
Samuel Deprez	deprez-samuel_FacetSep_Samuel Deprez	hal-04299806	ART	2019	https://hal.science/hal-04299806/document	NA
Nathan Gouin	nathan-gouin_FacetSep_Nathan Gouin	tel-03130515	THESE	2020	https://theses.hal.science/tel-03130515/document	NA
Relwende Aristide Yameogo	relwende-aristide-yameogo_FacetSep_Relwende Aristide Yameogo	tel-03357698	THESE	2020	https://theses.hal.science/tel-03357698/document	NA
Alain Bessiba Dakouo	_FacetSep_Alain Bessiba Dakouo	tel-02333876	THESE	2019	https://theses.hal.science/tel-02333876/document	NA
Mamadou Khouma	_FacetSep_Mamadou Khouma	tel-01666143	THESE	2017	https://theses.hal.science/tel-01666143/document	NA
Renaud Misslin	_FacetSep_Renaud Misslin	tel-01690559	THESE	2017	https://theses.hal.science/tel-01690559/document	NA
Jonas Pigeon	jonas-pigeon_FacetSep_Jonas Pigeon	tel-01416486	THESE	2016	https://hal.science/tel-01416486/document	NA
Renaud Misslin,Éric Daudé	"c(""_FacetSep_Renaud Misslin"", ""eric-daude_FacetSep_Éric Daudé"")"	halshs-02194160	COMM	2016	https://shs.hal.science/halshs-02194160/document	NA
Adeline Saverna	_FacetSep_Adeline Saverna	tel-01410130	THESE	2016	https://theses.hal.science/tel-01410130/document	NA
Laurent Beauguitte	laurent-beauguitte_FacetSep_Laurent Beauguitte	hal-01353680	COMM	2016	https://hal.science/hal-01353680/document	NA
Éric Daudé	eric-daude_FacetSep_Éric Daudé	halshs-01501488	ART	2017	https://shs.hal.science/halshs-01501488/document	NA
Lilian Loubet	loubet-lilian_FacetSep_Lilian Loubet	hal-02500048	ART	2017	https://normandie-univ.hal.science/hal-02500048/document	10.3917/flux1.107.0053
Arnaud Serry	arnaudserry_FacetSep_Arnaud Serry	hal-01724112	ART	2016	https://hal.science/hal-01724112/document	NA
Wandrille Hucy	wandrille-hucy_FacetSep_Wandrille Hucy	hal-02469755	ART	2017	https://hal.science/hal-02469755/document	NA
Alexandre Cebeillac	_FacetSep_Alexandre Cebeillac	hal-03114109	COMM	2020	https://hal.science/hal-03114109/document	NA
Benjamin Steck	benjamin-steck_FacetSep_Benjamin Steck	hal-01701779	ART	2017	https://hal.science/hal-01701779/document	10.46298/cst.12162
Bertrand Lefebvre	bertrand-lefebvre_FacetSep_Bertrand Lefebvre	medihal-01564210	MAP	2016	https://media.hal.science/medihal-01564210/document	NA
Bertrand Lefebvre	bertrand-lefebvre_FacetSep_Bertrand Lefebvre	medihal-01564195	MAP	2016	https://media.hal.science/medihal-01564195/document	NA
Bertrand Lefebvre	bertrand-lefebvre_FacetSep_Bertrand Lefebvre	medihal-01564169	MAP	2016	https://media.hal.science/medihal-01564169/document	NA
Januário da Rocha Nascimento	_FacetSep_Januário da Rocha Nascimento	tel-01814328	THESE	2017	https://theses.hal.science/tel-01814328/document	NA
Alix Tougma	_FacetSep_Alix Tougma	tel-03169122	THESE	2020	https://theses.hal.science/tel-03169122/document	NA
Manhamady Ouedraogo	_FacetSep_Manhamady Ouedraogo	tel-02520199	THESE	2019	https://theses.hal.science/tel-02520199/document	NA
Bertrand Lefebvre	bertrand-lefebvre_FacetSep_Bertrand Lefebvre	medihal-01564244	MAP	2016	https://media.hal.science/medihal-01564244/document	NA
Bertrand Lefebvre	bertrand-lefebvre_FacetSep_Bertrand Lefebvre	medihal-01564242	MAP	2016	https://media.hal.science/medihal-01564242/document	NA
Bertrand Lefebvre	bertrand-lefebvre_FacetSep_Bertrand Lefebvre	medihal-01564207	MAP	2016	https://media.hal.science/medihal-01564207/document	NA
Bertrand Lefebvre	bertrand-lefebvre_FacetSep_Bertrand Lefebvre	medihal-01564198	MAP	2016	https://media.hal.science/medihal-01564198/document	NA
Ronan Kerbiriou,Arnaud Serry,N. Montier,C. Méjane	"c(""ronan-kerbiriou_FacetSep_Ronan Kerbiriou"", ""arnaudserry_FacetSep_Arnaud Serry"", ""_FacetSep_N. Montier"", ""_FacetSep_C. Méjane"")"	hal-02506066	REPORT	2019	https://hal.science/hal-02506066/document	NA
Etienne Cahu	_FacetSep_Etienne Cahu	hal-01353663	COMM	2016	https://hal.science/hal-01353663/document	NA
Justine Fenet,Éric Daudé	"c(""_FacetSep_Justine Fenet"", ""eric-daude_FacetSep_Éric Daudé"")"	halshs-02470615	ART	2020	https://shs.hal.science/halshs-02470615/document	10.4000/cybergeo.34020
Arnaud Serry	arnaudserry_FacetSep_Arnaud Serry	hal-01724104	COMM	2016	https://hal.science/hal-01724104/document	NA
Ying Shen,Joël Colloc,Armelle Jacquet-Andrieu,Ziyi Guo,Yong Liu	"c(""_FacetSep_Ying Shen"", ""thx036976580304_FacetSep_Joël Colloc"", ""_FacetSep_Armelle Jacquet-Andrieu"", ""_FacetSep_Ziyi Guo"", ""_FacetSep_Yong Liu"")"	hal-02941887	COUV	2018	https://hal.science/hal-02941887/document	10.1007/978-3-319-73830-7_28
Lilian Loubet,Arnaud Serry	"c(""loubet-lilian_FacetSep_Lilian Loubet"", ""arnaudserry_FacetSep_Arnaud Serry"")"	hal-02943432	COMM	2020	https://normandie-univ.hal.science/hal-02943432/document	NA
Diane Le Luyer	_FacetSep_Diane Le Luyer	hal-01353633	COMM	2016	https://hal.science/hal-01353633/document	NA
Arnaud Serry	arnaudserry_FacetSep_Arnaud Serry	hal-01486567	COUV	2016	https://hal.science/hal-01486567/document	NA
Laurent Beauguitte	laurent-beauguitte_FacetSep_Laurent Beauguitte	halshs-01291620	COMM	2016	https://shs.hal.science/halshs-01291620/document	NA
Arnaud Serry	_FacetSep_Arnaud Serry	hal-01724126	ART	2016	https://hal.science/hal-01724126/document	10.4000/tem.3094
Wandrille Hucy	wandrille-hucy_FacetSep_Wandrille Hucy	hal-02455848	COUV	2017	https://hal.science/hal-02455848/document	NA
John Barzman	barzmanj_FacetSep_John Barzman	hal-02531755	ART	2020	https://hal.science/hal-02531755/document	NA
Diana El Nemr	_FacetSep_Diana El Nemr	tel-03270588	THESE	2019	https://theses.hal.science/tel-03270588/document	NA
Celia Broussard	_FacetSep_Celia Broussard	tel-02996726	THESE	2020	https://theses.hal.science/tel-02996726/document	NA
Ismaël Abdillahi Guirreh	_FacetSep_Ismaël Abdillahi Guirreh	tel-03065829	THESE	2017	https://theses.hal.science/tel-03065829/document	NA
Jean Hentzgen	_FacetSep_Jean Hentzgen	tel-02283662	THESE	2019	https://theses.hal.science/tel-02283662/document	NA
Alexandre Cebeillac	_FacetSep_Alexandre Cebeillac	tel-02089908	THESE	2018	https://theses.hal.science/tel-02089908/document	NA
Emmanuel Niyonsaba	_FacetSep_Emmanuel Niyonsaba	tel-04309906	THESE	2018	https://theses.hal.science/tel-04309906/document	NA
Brahim Abaragh	_FacetSep_Brahim Abaragh	tel-03617017	THESE	2020	https://theses.hal.science/tel-03617017/document	NA
Gaëlla Loiseau	_FacetSep_Gaëlla Loiseau	tel-03270589	THESE	2019	https://theses.hal.science/tel-03270589/document	NA
Elisabeth Simon	_FacetSep_Elisabeth Simon	tel-01623624	THESE	2017	https://theses.hal.science/tel-01623624/document	NA
Maaike Matelski,Marion Sabrié	"c(""_FacetSep_Maaike Matelski"", ""_FacetSep_Marion Sabrié"")"	hal-02148985	ART	2019	https://hal.science/hal-02148985/document	10.4000/moussons.4844
Claude Tatuebu Tagne,Athanase Bopda	"c(""_FacetSep_Claude Tatuebu Tagne"", ""_FacetSep_Athanase Bopda"")"	hal-03114868	COMM	2020	https://hal.science/hal-03114868/document	NA
Sandra Gaviria,David Mélo	"c(""sandra-gaviria_FacetSep_Sandra Gaviria"", ""_FacetSep_David Mélo"")"	hal-03594925	ART	2020	https://hal.science/hal-03594925/document	NA
John Barzman,Jean-Pierre Castelain	"c(""barzmanj_FacetSep_John Barzman"", ""_FacetSep_Jean-Pierre Castelain"")"	halshs-02291917	COUV	2016	https://shs.hal.science/halshs-02291917/document	NA
John Barzman	barzmanj_FacetSep_John Barzman	hal-01901271	REPORT	2018	https://hal.science/hal-01901271/document	NA
Daniel Ballesteros,Santiago Giralt,Joaquín García-Sansegundo,Montserrat Jiménez-Sánchez	"c(""_FacetSep_Daniel Ballesteros"", ""_FacetSep_Santiago Giralt"", ""_FacetSep_Joaquín García-Sansegundo"", ""_FacetSep_Montserrat Jiménez-Sánchez"")"	hal-02469137	ART	2019	https://hal.science/hal-02469137/document	10.1016/j.geomorph.2019.04.002
Etienne Delay,Sébastien Rey-Coyrehourcq	"c(""delay-etienne_FacetSep_Etienne Delay"", ""sebastien-rey-coyrehourcq_FacetSep_Sébastien Rey-Coyrehourcq"")"	cel-02285696	LECTURE	2017	https://shs.hal.science/cel-02285696/document	10.5281/zenodo.3406773
Olivier Faury,Arnaud Serry,Ronan Kerbiriou,Yann Alix	"c(""_FacetSep_Olivier Faury"", ""arnaudserry_FacetSep_Arnaud Serry"", ""ronan-kerbiriou_FacetSep_Ronan Kerbiriou"", ""_FacetSep_Yann Alix"")"	hal-02406613	COMM	2019	https://hal.science/hal-02406613/document	NA
Alexis Lahouze,Bruno Levasseur,Sébastien Rey-Coyrehourcq	"c(""_FacetSep_Alexis Lahouze"", ""bruno-levasseur_FacetSep_Bruno Levasseur"", ""sebastien-rey-coyrehourcq_FacetSep_Sébastien Rey-Coyrehourcq"")"	cel-02285669	LECTURE	2018	https://shs.hal.science/cel-02285669/document	10.5281/zenodo.3406751
Arnaud Brennetot,Michel Bussi	"c(""abrennetot_FacetSep_Arnaud Brennetot"", ""_FacetSep_Michel Bussi"")"	hal-01353652	COMM	2016	https://hal.science/hal-01353652/document	NA
John Barzman	barzmanj_FacetSep_John Barzman	hal-02263342	ART	2019	https://hal.science/hal-02263342/document	NA
Bernadette Merenne-Schoumaker,Samuel Deprez	"c(""_FacetSep_Bernadette Merenne-Schoumaker"", ""deprez-samuel_FacetSep_Samuel Deprez"")"	hal-02470480	ART	2016	https://hal.science/hal-02470480/document	NA
Sidi Dembele,Mamy Soumaré,Cheick Diakite,David Gaillard	"c(""_FacetSep_Sidi Dembele"", ""_FacetSep_Mamy Soumaré"", ""_FacetSep_Cheick Diakite"", ""david-gaillard_FacetSep_David Gaillard"")"	hal-02159710	ART	2018	https://hal.science/hal-02159710/document	NA
Messan Lihoussou	_FacetSep_Messan Lihoussou	hal-04153665	ART	2017	https://hal.science/hal-04153665/document	10.46298/cst.12164
Sébastien Bourdin,Philippe Jeanne,François Raulin	"c(""sebastien-bourdin_FacetSep_Sébastien Bourdin"", ""_FacetSep_Philippe Jeanne"", ""francois-raulin_FacetSep_François Raulin"")"	hal-03103669	ART	2020	https://hal.science/hal-03103669/document	10.1051/nss/2020030
Isabelle Pigeron-Piroth,Marion Le Texier,Rachid Belkacem,Geoffrey Caruso	"c(""_FacetSep_Isabelle Pigeron-Piroth"", ""marion-le-texier_FacetSep_Marion Le Texier"", ""rachid-belkacem_FacetSep_Rachid Belkacem"", ""_FacetSep_Geoffrey Caruso"")"	halshs-01698484	ART	2017	https://shs.hal.science/halshs-01698484/document	NA
John Barzman,Claude Malon,Andrew Knapp,Sébastien Haule,Jean-Hugues Caillard,Stéphane Lo Bruto,Éric Wauters,Pierre Bergel,Corinne Bouillot,Yaëlle Malpertu,Mason Norton,Marie-Paule Dhaille-Hervieu,Laurence Le Cieux,Pierre Beaumont,Sylvie Barot	"c(""barzmanj_FacetSep_John Barzman"", ""_FacetSep_Claude Malon"", ""_FacetSep_Andrew Knapp"", ""_FacetSep_Sébastien Haule"", ""_FacetSep_Jean-Hugues Caillard"", ""_FacetSep_Stéphane Lo Bruto"", ""_FacetSep_Éric Wauters"", ""pierre-bergel_FacetSep_Pierre Bergel"", ""_FacetSep_Corinne Bouillot"", ""_FacetSep_Yaëlle Malpertu"", ""_FacetSep_Mason Norton"", ""_FacetSep_Marie-Paule Dhaille-Hervieu"", ""_FacetSep_Laurence Le Cieux"", ""_FacetSep_Pierre Beaumont"", ""_FacetSep_Sylvie Barot"")"	halshs-01881380	PROCEEDINGS	2016	https://shs.hal.science/halshs-01881380/document	NA
John Barzman	barzmanj_FacetSep_John Barzman	hal-02188619	ART	2019	https://hal.science/hal-02188619/document	10.1177/0843871419833546b
John Barzman	barzmanj_FacetSep_John Barzman	hal-01915075	COMM	2016	https://normandie-univ.hal.science/hal-01915075/document	10.13140/RG.2.2.32697.77924
Daniel Ballesteros,Andrew Farrant,Carole Nehme,Mark Woods,Dominique Todisco,Damase Mouralis	"c(""_FacetSep_Daniel Ballesteros"", ""_FacetSep_Andrew Farrant"", ""carole-nehme_FacetSep_Carole Nehme"", ""_FacetSep_Mark Woods"", ""dominique-todisco_FacetSep_Dominique Todisco"", ""damase-mouralis_FacetSep_Damase Mouralis"")"	hal-03000195	ART	2020	https://hal.science/hal-03000195/document	10.5038/1827-806X.49.3.2319
Arnaud Serry,Ronan Kerbiriou	"c(""arnaudserry_FacetSep_Arnaud Serry"", ""ronan-kerbiriou_FacetSep_Ronan Kerbiriou"")"	hal-02483864	COMM	2018	https://hal.science/hal-02483864/document	NA
Fabien Bitu,Béatrice Galinon-Mélénec,Michèle Molina	"c(""fabien-bitu_FacetSep_Fabien Bitu"", ""galinon-melenec_FacetSep_Béatrice Galinon-Mélénec"", ""_FacetSep_Michèle Molina"")"	hal-03220582	POSTER	2020	https://normandie-univ.hal.science/hal-03220582/document	NA
Alexandre Cuvier,Philippe Vidal,Gaetan Clémence,Alexis Lecoq	"c(""alexandre-cuvier_FacetSep_Alexandre Cuvier"", ""_FacetSep_Philippe Vidal"", ""_FacetSep_Gaetan Clémence"", ""_FacetSep_Alexis Lecoq"")"	hal-03696979	ART	2020	https://normandie-univ.hal.science/hal-03696979/document	10.4000/netcom.5819
Ronan Kerbiriou,Arnaud Serry	"c(""ronan-kerbiriou_FacetSep_Ronan Kerbiriou"", ""arnaudserry_FacetSep_Arnaud Serry"")"	hal-03684542	REPORT	2020	https://hal.science/hal-03684542/document	NA
Sunny Le Galloudec	_FacetSep_Sunny Le Galloudec	hal-03663249	COMM	2019	https://normandie-univ.hal.science/hal-03663249/document	NA
Thomas Vaisset,Claire Miot	"c(""thomas-vaisset_FacetSep_Thomas Vaisset"", ""_FacetSep_Claire Miot"")"	hal-02982171	COUV	2020	https://normandie-univ.hal.science/hal-02982171/document	NA
Arnaud Serry,Ronan Kerbiriou	"c(""_FacetSep_Arnaud Serry"", ""ronan-kerbiriou_FacetSep_Ronan Kerbiriou"")"	hal-03856299	ART	2020	https://hal.science/hal-03856299/document	NA
Ronan Kerbiriou,Arnaud Serry	"c(""ronan-kerbiriou_FacetSep_Ronan Kerbiriou"", ""arnaudserry_FacetSep_Arnaud Serry"")"	hal-03684549	REPORT	2020	https://hal.science/hal-03684549/document	NA
Fabien Bitu,Béatrice Galinon-Mélénec,Michèle Molina	"c(""fabien-bitu_FacetSep_Fabien Bitu"", ""_FacetSep_Béatrice Galinon-Mélénec"", ""_FacetSep_Michèle Molina"")"	hal-03220543	COMM	2019	https://normandie-univ.hal.science/hal-03220543/document	NA
Bensaadoune Yamina,Armelle Couillet,Thibaut Guichard,C. Nehme,Sébastien Rey-Coyrehourcq	"c(""_FacetSep_Bensaadoune Yamina"", ""armelle-couillet_FacetSep_Armelle Couillet"", ""_FacetSep_Thibaut Guichard"", ""cnehme_FacetSep_C. Nehme"", ""sebastien-rey-coyrehourcq_FacetSep_Sébastien Rey-Coyrehourcq"")"	halshs-02483242	POSTER	2018	https://shs.hal.science/halshs-02483242/document	NA
Alexandre Cebeillac,Eric Daudé,Shankare Gowda	"c(""_FacetSep_Alexandre Cebeillac¹"", ""_FacetSep_Eric Daudé¹"", ""_FacetSep_Shankare Gowda²"")"	halshs-02513682	COMM	2018	https://shs.hal.science/halshs-02513682/document	NA
Thomas Huraux,Renaud Misslin,Alexandre Cebeillac,Éric Daudé,Alain Vaguet	"c(""thomas-huraux_FacetSep_Thomas Huraux"", ""_FacetSep_Renaud Misslin"", ""_FacetSep_Alexandre Cebeillac"", ""eric-daude_FacetSep_Éric Daudé"", ""_FacetSep_Alain Vaguet"")"	hal-01649157	COMM	2017	https://hal.science/hal-01649157/document	NA
Thomas Vaisset,Jean Martinant de Préneuf	"c(""thomas-vaisset_FacetSep_Thomas Vaisset"", ""_FacetSep_Jean Martinant de Préneuf"")"	hal-02500800	COUV	2018	https://normandie-univ.hal.science/hal-02500800/document	NA
Thomas Vaisset,Philippe Vial	"c(""thomas-vaisset_FacetSep_Thomas Vaisset"", ""_FacetSep_Philippe Vial"")"	hal-02957043	ART	2020	https://hal.science/hal-02957043/document	10.3917/infle.045.0045
Alexandre Cebeillac,Yves-Marie Rault-Chodankar	"c(""_FacetSep_Alexandre Cebeillac"", ""yves-marie-rault-chodankar_FacetSep_Yves-Marie Rault-Chodankar"")"	hal-03952073	ART	2016	https://hal.science/hal-03952073/document	10.4000/netcom.2529
Christopher Martin,Jean de Préneuf,Thomas Vaisset	"c(""_FacetSep_Christopher Martin"", ""jean-de-preneuf_FacetSep_Jean de Préneuf"", ""thomas-vaisset_FacetSep_Thomas Vaisset"")"	hal-02500858	ART	2017	https://normandie-univ.hal.science/hal-02500858/document	NA
Samuel Deprez,Sophie Lestrade	"c(""deprez-samuel_FacetSep_Samuel Deprez"", ""sophie-lestrade_FacetSep_Sophie Lestrade"")"	hal-02470521	ART	2016	https://hal.science/hal-02470521/document	NA
Bernard Elissalde,Frédéric Santamaria	"c(""_FacetSep_Bernard Elissalde"", ""_FacetSep_Frédéric Santamaria"")"	hal-02486248	COUV	2018	https://hal.science/hal-02486248/document	NA
François Drémeaux	francois-dremeaux_FacetSep_François Drémeaux	hal-04257275	COMM	2017	https://hal.science/hal-04257275/document	NA
François Drémeaux	francois-dremeaux_FacetSep_François Drémeaux	hal-04257321	COMM	2019	https://hal.science/hal-04257321/document	NA
François Drémeaux	francois-dremeaux_FacetSep_François Drémeaux	hal-04257278	COMM	2018	https://hal.science/hal-04257278/document	NA
François Drémeaux	francois-dremeaux_FacetSep_François Drémeaux	hal-04257355	COMM	2019	https://hal.science/hal-04257355/document	NA
Arnaud Banos,Fanny Cottet,Jean Debrie	"c(""arnaud-banos_FacetSep_Arnaud Banos"", ""fanny-cottet_FacetSep_Fanny Cottet"", ""jean-debrie_FacetSep_Jean Debrie"")"	hal-03325049	ART	2020	https://hal.science/hal-03325049/document	10.4000/netcom.5634
François Drémeaux	francois-dremeaux_FacetSep_François Drémeaux	hal-04257381	COMM	2020	https://hal.science/hal-04257381/document	NA
Anne-Marie Colombet Cheny,Wandrille Hucy	"c(""anne-marie-cheny_FacetSep_Anne-Marie Colombet Cheny"", ""wandrille-hucy_FacetSep_Wandrille Hucy"")"	hal-02469889	COMM	2017	https://hal.science/hal-02469889/document	NA
Yves-Marie Rault-Chodankar,Shawn Mathew,Alexandre Cebeillac	"c(""yves-marie-rault-chodankar_FacetSep_Yves-Marie Rault-Chodankar"", ""_FacetSep_Shawn Mathew"", ""_FacetSep_Alexandre Cebeillac"")"	hal-03952099	ART	2018	https://hal.science/hal-03952099/document	10.4000/bagf.2656
Sébastien Rey-Coyrehourcq,Etienne Delay,Paul Chapron	"c(""sebastien-rey-coyrehourcq_FacetSep_Sébastien Rey-Coyrehourcq"", ""delay-etienne_FacetSep_Etienne Delay"", ""paul-chapron_FacetSep_Paul Chapron"")"	cel-02284550	LECTURE	2019	https://hal.science/cel-02284550/document	10.5281/zenodo.3406779
François Drémeaux	francois-dremeaux_FacetSep_François Drémeaux	hal-04234218	COUV	2019	https://hal.science/hal-04234218/document	NA
Romain Lepillé,Barbara Evrard,Michel Bussi,Damien Féménias	"c(""_FacetSep_Romain Lepillé"", ""_FacetSep_Barbara Evrard"", ""_FacetSep_Michel Bussi"", ""_FacetSep_Damien Féménias"")"	hal-02365773	ART	2017	https://normandie-univ.hal.science/hal-02365773/document	10.4000/vertigo.18312
Romain Lepillé	_FacetSep_Romain Lepillé	tel-01692981	THESE	2017	https://theses.hal.science/tel-01692981/document	NA
Clémentine Cottineau,Julien Perret,Romain Reuillon,Sébastien Rey-Coyrehourcq,Julie Vallée	"c(""clementine-cottineau_FacetSep_Clémentine Cottineau"", ""julienperret_FacetSep_Julien Perret"", ""romain-reuillon_FacetSep_Romain Reuillon"", ""sebastien-rey-coyrehourcq_FacetSep_Sébastien Rey-Coyrehourcq"", ""jvallee_FacetSep_Julie Vallée"")"	hal-01854398	COMM	2018	https://hal.science/hal-01854398/document	NA
Romain Lepillé	_FacetSep_Romain Lepillé	tel-01701175	THESE	2017	https://theses.hal.science/tel-01701175/document	NA
Daniel Ballesteros,Adrián Álvarez-Vena,Mael Monod-del Dago,Laura Rodríguez-Rodríguez,Jorge Sanjurjo-Sánchez,Diego Álvarez-Lao,Carlos Pérez-Mejías,Pablo Valenzuela,Irene Defelipe,César Laplana,Hai Cheng,Montserrat Jiménez-Sánchez	"c(""_FacetSep_Daniel Ballesteros"", ""_FacetSep_Adrián Álvarez-Vena"", ""_FacetSep_Mael Monod-del Dago"", ""_FacetSep_Laura Rodríguez-Rodríguez"", ""_FacetSep_Jorge Sanjurjo-Sánchez"", ""_FacetSep_Diego Álvarez-Lao"", ""_FacetSep_Carlos Pérez-Mejías"", ""_FacetSep_Pablo Valenzuela"", ""_FacetSep_Irene Defelipe"", ""_FacetSep_César Laplana"", ""_FacetSep_Hai Cheng"", ""_FacetSep_Montserrat Jiménez-Sánchez"")"	hal-03493365	ART	2020	https://hal.science/hal-03493365/document	10.1016/j.quascirev.2020.106581
Emmanuel Eliot,Anne-Cécile Hoyez	"c(""_FacetSep_Emmanuel Eliot"", ""anne-cecilehoyez_FacetSep_Anne-Cécile Hoyez"")"	halshs-02289238	COUV	2016	https://shs.hal.science/halshs-02289238/document	NA
Samuel Deprez,Arnaud Gasnier	"c(""deprez-samuel_FacetSep_Samuel Deprez"", ""agas1966_FacetSep_Arnaud Gasnier"")"	hal-02470492	ART	2016	https://hal.science/hal-02470492/document	NA
Ronan Kerbiriou,Laurent Lévêque,Aboozar Rajabi,Arnaud Serry	"c(""ronan-kerbiriou_FacetSep_Ronan Kerbiriou"", ""_FacetSep_Laurent Lévêque"", ""_FacetSep_Aboozar Rajabi"", ""arnaudserry_FacetSep_Arnaud Serry"")"	hal-01724092	COMM	2017	https://hal.science/hal-01724092/document	NA
Pascal Bertran,Jean-Guillaume Bordes,Dominique Todisco,Luc Vallin	"c(""_FacetSep_Pascal Bertran"", ""_FacetSep_Jean-Guillaume Bordes"", ""dominique-todisco_FacetSep_Dominique Todisco"", ""_FacetSep_Luc Vallin"")"	hal-01696670	COUV	2017	https://inrap.hal.science/hal-01696670/document	NA
Fatoumata Coulibaly,Anne Ouallet	"c(""_FacetSep_Fatoumata Coulibaly"", ""_FacetSep_Anne Ouallet"")"	halshs-01466257	ART	2016	https://shs.hal.science/halshs-01466257/document	NA
Eduardo Gomes,Arnaud Banos,Patricia Abrantes,Jorge Rocha,Markus Schläpfer	"c(""_FacetSep_Eduardo Gomes"", ""arnaud-banos_FacetSep_Arnaud Banos"", ""_FacetSep_Patricia Abrantes"", ""_FacetSep_Jorge Rocha"", ""_FacetSep_Markus Schläpfer"")"	halshs-02699115	ART	2020	https://shs.hal.science/halshs-02699115/document	10.1016/j.scitotenv.2020.137381
Marie-Axelle Granié,Thierry Brenac,Florence HUGUENIN-RICHARD,Thierry Saint-Gérand,Mohand Medjkane,Elisa Maitre,Jean-Francois Peytavin,Florent Varet,Cécile Coquelet	"c(""marie-axelle-granie_FacetSep_Marie-Axelle Granié"", ""_FacetSep_Thierry Brenac"", ""fhuguenin-richard_FacetSep_Florence HUGUENIN-RICHARD"", ""_FacetSep_Thierry Saint-Gérand"", ""mohand-medjkane_FacetSep_Mohand Medjkane"", ""_FacetSep_Elisa Maitre"", ""_FacetSep_Jean-Francois Peytavin"", ""florent-varet_FacetSep_Florent Varet"", ""_FacetSep_Cécile Coquelet"")"	hal-01391958	ART	2016	https://hal.science/hal-01391958/document	10.1136/injuryprev-2016-042156-291
Éric Daudé,Pierrick Tranouez	"c(""eric-daude_FacetSep_Éric Daudé"", ""pierrick-tranouez_FacetSep_Pierrick Tranouez"")"	halshs-02445375	ART	2020	https://shs.hal.science/halshs-02445375/document	10.4000/netcom.5637
Sebastien Courtin,Rodrigue Tido Takeng,Frédéric Chantreuil	"c(""sebastien-courtin_FacetSep_Sebastien Courtin"", ""_FacetSep_Rodrigue Tido Takeng"", ""_FacetSep_Frédéric Chantreuil"")"	hal-02952516	UNDEFINED	2020	https://hal.science/hal-02952516/document	NA
Alain Vaguet,Audrey Bochaton	"c(""_FacetSep_Alain Vaguet"", ""audrey-bochaton_FacetSep_Audrey Bochaton"")"	halshs-02333093	COUV	2019	https://shs.hal.science/halshs-02333093/document	NA
Marion Ravit,Andrainolo Ravalihasy,Martine Audibert,Valery Ridde,Emmanuel Bonnet,Bertille Raffalli,Flore-Apolline Roy,Anais N’landu,Alexandre Dumont	"c(""_FacetSep_Marion Ravit"", ""_FacetSep_Andrainolo Ravalihasy"", ""martine-audibert_FacetSep_Martine Audibert"", ""valery-ridde_FacetSep_Valery Ridde"", ""emmanuel-bonnet_FacetSep_Emmanuel Bonnet"", ""_FacetSep_Bertille Raffalli"", ""_FacetSep_Flore-Apolline Roy"", ""_FacetSep_Anais N’landu"", ""_FacetSep_Alexandre Dumont"")"	hal-02509190	ART	2020	https://hal.science/hal-02509190/document	10.1093/heapol/czz150
Patricia Sajous,Cyrille Bertelle	"c(""patricia-sajous_FacetSep_Patricia Sajous"", ""cyrille-bertelle_FacetSep_Cyrille Bertelle"")"	hal-02117118	OUV	2019	https://hal.science/hal-02117118/document	NA
Mathieu Bourgais,Patrick Taillandier,Laurent Vercouter	"c(""mathieu-bourgais_FacetSep_Mathieu Bourgais"", ""patrick-taillandier_FacetSep_Patrick Taillandier"", ""laurent-vercouter_FacetSep_Laurent Vercouter"")"	hal-02733682	COMM	2017	https://hal.inrae.fr/hal-02733682/document	NA
Myriam Baron,Sophie de Ruffray,Walid Achouri,Khaoula Saadaoui,Ali Bennasr,Claude Grasland	"c(""myriam-baron_FacetSep_Myriam Baron"", ""sophie-de-ruffray_FacetSep_Sophie de Ruffray"", ""_FacetSep_Walid Achouri"", ""_FacetSep_Khaoula Saadaoui"", ""_FacetSep_Ali Bennasr"", ""claude-grasland_FacetSep_Claude Grasland"")"	halshs-01592880	ART	2017	https://shs.hal.science/halshs-01592880/document	10.4000/anneemaghreb.2985
Patrick Taillandier,Mathieu Bourgais,Alexis Drogoul,Laurent Vercouter	"c(""patrick-taillandier_FacetSep_Patrick Taillandier"", ""mathieu-bourgais_FacetSep_Mathieu Bourgais"", ""_FacetSep_Alexis Drogoul"", ""laurent-vercouter_FacetSep_Laurent Vercouter"")"	hal-02733683	COMM	2017	https://hal.inrae.fr/hal-02733683/document	NA
Renaud Misslin,Olivier Telle,Éric Daudé,Alain Vaguet,Richard E. Paul	"c(""_FacetSep_Renaud Misslin"", ""olivier-telle_FacetSep_Olivier Telle"", ""eric-daude_FacetSep_Éric Daudé"", ""_FacetSep_Alain Vaguet"", ""richard-paul_FacetSep_Richard E. Paul"")"	pasteur-01656598	ART	2016	https://pasteur.hal.science/pasteur-01656598/document	10.1111/nyas.13084
Eric Delamotte,Odile Chenevez,Philippe Jeanne	"c(""eric-delamotte_FacetSep_Eric Delamotte"", ""_FacetSep_Odile Chenevez"", ""_FacetSep_Philippe Jeanne"")"	hal-02319557	ART	2017	https://normandie-univ.hal.science/hal-02319557/document	NA
Olivier Telle,A N Vaguet,N N Yadav,Bertrand Lefebvre,Éric Daudé,Richard E. Paul,A N Cebeillac,B N Nagpal	"c(""olivier-telle_FacetSep_Olivier Telle"", ""_FacetSep_A N Vaguet"", ""_FacetSep_N N Yadav"", ""bertrand-lefebvre_FacetSep_Bertrand Lefebvre"", ""eric-daude_FacetSep_Éric Daudé"", ""richard-paul_FacetSep_Richard E. Paul"", ""_FacetSep_A N Cebeillac"", ""_FacetSep_B N Nagpal"")"	hal-01562023	ART	2016	https://hal.science/hal-01562023/document	10.1371/journal.pone.0146539.s006
A Soueid Ahmed,A. Revil,B. Steck,C. Vergniault,Abderrahim Jardani,G. Vinceslas	"c(""_FacetSep_A Soueid Ahmed"", ""_FacetSep_A. Revil"", ""_FacetSep_B. Steck"", ""_FacetSep_C. Vergniault"", ""abderrahim-jardani_FacetSep_Abderrahim Jardani"", ""_FacetSep_G. Vinceslas"")"	hal-02324234	ART	2019	https://hal.science/hal-02324234/document	10.1016/j.enggeo.2019.03.019
Olivier Telle,Alain Vaguet,N. Yadav,B. Lefebvre,Éric Daudé,Richard E. Paul,A. Cebeillac,B. N. Nagpal	"c(""olivier-telle_FacetSep_Olivier Telle"", ""_FacetSep_Alain Vaguet"", ""_FacetSep_N. Yadav"", ""_FacetSep_B. Lefebvre"", ""eric-daude_FacetSep_Éric Daudé"", ""richard-paul_FacetSep_Richard E. Paul"", ""_FacetSep_A. Cebeillac"", ""_FacetSep_B. N. Nagpal"")"	halshs-02194176	ART	2016	https://shs.hal.science/halshs-02194176/document	10.1371/journal.pone.0146539
C. Nehme,T. Kluge,S. Verheyden,F. Nader,I. Charalambidou,T. Weissbach,S. Gucel,H. Cheng,R.L. Edwards,L. Satterfield,E. Eiche,Ph Claeys	"c(""cnehme_FacetSep_C. Nehme"", ""_FacetSep_T. Kluge"", ""_FacetSep_S. Verheyden"", ""_FacetSep_F. Nader"", ""_FacetSep_I. Charalambidou"", ""_FacetSep_T. Weissbach"", ""_FacetSep_S. Gucel"", ""_FacetSep_H. Cheng"", ""_FacetSep_R.L. Edwards"", ""_FacetSep_L. Satterfield"", ""_FacetSep_E. Eiche"", ""_FacetSep_Ph Claeys"")"	hal-03000202	ART	2020	https://hal.science/hal-03000202/document	10.1016/j.quascirev.2020.106663
Françoise Lucchini,Bernard Elissalde,Olivier Gillet,Lény Grassot,Armelle Couillet,Julien Baudry	"c(""francoise-lucchini_FacetSep_Françoise Lucchini"", ""_FacetSep_Bernard Elissalde"", ""olivier-gillet_FacetSep_Olivier Gillet"", ""_FacetSep_Lény Grassot"", ""armelle-couillet_FacetSep_Armelle Couillet"", ""_FacetSep_Julien Baudry"")"	hal-01854382	COMM	2018	https://hal.science/hal-01854382/document	NA
Cédric Fluckiger,Éric Delamotte,Philippe Jeanne,Alexandre Serres,Marlène Loicq,Odile Chenevez,Marie-Laure Compant La Fontaine,Ivana Ballarini	"c(""cedric-fluckiger_FacetSep_Cédric Fluckiger"", ""_FacetSep_Éric Delamotte"", ""_FacetSep_Philippe Jeanne"", ""alexandreserres_FacetSep_Alexandre Serres"", ""marlene-loicq_FacetSep_Marlène Loicq"", ""_FacetSep_Odile Chenevez"", ""marie-laure-compantlafontaine_FacetSep_Marie-Laure Compant La Fontaine"", ""_FacetSep_Ivana Ballarini"")"	hal-02319548	COUV	2017	https://normandie-univ.hal.science/hal-02319548/document	NA
Filipo Studzinski Perotto,Mathieu Bourgais,Laurent Vercouter,Bruno Castro da Silva	"c(""fsperotto_FacetSep_Filipo Studzinski Perotto"", ""mathieu-bourgais_FacetSep_Mathieu Bourgais"", ""laurent-vercouter_FacetSep_Laurent Vercouter"", ""_FacetSep_Bruno Castro da Silva"")"	hal-02363609	COMM	2019	https://hal.science/hal-02363609/document	NA
Sébastien Rey-Coyrehourcq,Robin Cura,Laure Nuninger,Julie Gravier,Lucie Nahassia,Ryma Hachi	"c(""sebastien-rey-coyrehourcq_FacetSep_Sébastien Rey-Coyrehourcq"", ""robin-cura_FacetSep_Robin Cura"", ""laure-nuninger_FacetSep_Laure Nuninger"", ""julie-gravier_FacetSep_Julie Gravier"", ""lucie-nahassia_FacetSep_Lucie Nahassia"", ""_FacetSep_Ryma Hachi"")"	hal-01677950	COUV	2017	https://hal.science/hal-01677950/document	NA
Aline Philibert,Marion Ravit,Valery Ridde,Inès Dossa,Emmanuel Bonnet,Florent Bédécarrats,Alexandre Dumont	"c(""_FacetSep_Aline Philibert"", ""_FacetSep_Marion Ravit"", ""valery-ridde_FacetSep_Valery Ridde"", ""_FacetSep_Inès Dossa"", ""_FacetSep_Emmanuel Bonnet"", ""florent-bedecarrats_FacetSep_Florent Bédécarrats"", ""_FacetSep_Alexandre Dumont"")"	hal-03852218	ART	2017	https://hal.science/hal-03852218/document	10.1093/heapol/czw142
Mathieu Bourgais,Patrick Taillandier,Laurent Vercouter,Carole Adam	"c(""mathieu-bourgais_FacetSep_Mathieu Bourgais"", ""patrick-taillandier_FacetSep_Patrick Taillandier"", ""laurent-vercouter_FacetSep_Laurent Vercouter"", ""carole-adam_FacetSep_Carole Adam"")"	hal-01758755	ART	2018	https://hal.science/hal-01758755/document	NA
Alice Micolier,Franck Taillandier,Patrick Taillandier,Frédéric Bos	"c(""_FacetSep_Alice Micolier"", ""franck-taillandier_FacetSep_Franck Taillandier"", ""patrick-taillandier_FacetSep_Patrick Taillandier"", ""_FacetSep_Frédéric Bos"")"	hal-02936149	ART	2019	https://hal.inrae.fr/hal-02936149/document	10.1016/j.engappai.2019.03.008
Clémentine Cottineau,Paul Chapron,Marion Le Texier,Sébastien Rey-Coyrehourcq	"c(""clementine-cottineau_FacetSep_Clémentine Cottineau"", ""paul-chapron_FacetSep_Paul Chapron"", ""marion-le-texier_FacetSep_Marion Le Texier"", ""sebastien-rey-coyrehourcq_FacetSep_Sébastien Rey-Coyrehourcq"")"	halshs-02314965	UNDEFINED	2019	https://shs.hal.science/halshs-02314965/document	NA
Kevin Chapuis,Patrick Taillandier,Renaud Misslin,Alexis Drogoul	"c(""_FacetSep_Kevin Chapuis"", ""patrick-taillandier_FacetSep_Patrick Taillandier"", ""_FacetSep_Renaud Misslin"", ""_FacetSep_Alexis Drogoul"")"	hal-01821597	ART	2018	https://hal.sorbonne-universite.fr/hal-01821597/document	10.1080/13658816.2018.1440563
Laurent Beauguitte,Marta Severo,Hugues Pecout	"c(""laurent-beauguitte_FacetSep_Laurent Beauguitte"", ""marta-severo_FacetSep_Marta Severo"", ""hpecout_FacetSep_Hugues Pecout"")"	hal-01353673	COMM	2016	https://hal.science/hal-01353673/document	NA
Ludivine Launay,Fabien Guillot,David Gaillard,Mohand Medjkane,Thierry Saint-Gérand,Guy Launoy,Olivier Dejardin	"c(""_FacetSep_Ludivine Launay"", ""fabien-guillot_FacetSep_Fabien Guillot"", ""_FacetSep_David Gaillard"", ""mohand-medjkane_FacetSep_Mohand Medjkane"", ""_FacetSep_Thierry Saint-Gérand"", ""_FacetSep_Guy Launoy"", ""olivier-dejardin_FacetSep_Olivier Dejardin"")"	inserm-02271030	ART	2019	https://inserm.hal.science/inserm-02271030/document	10.1371/journal.pone.0221417
Philippe Vidal,Thierry Joliveau,Danièle Sansy,Armelle Couillet,Philippe Jeanne	"c(""philippe-vidal_FacetSep_Philippe Vidal"", ""thierry-joliveau_FacetSep_Thierry Joliveau"", ""daniele-sansy_FacetSep_Danièle Sansy"", ""armelle-couillet_FacetSep_Armelle Couillet"", ""_FacetSep_Philippe Jeanne"")"	hal-02053050	ART	2017	https://hal.science/hal-02053050/document	10.4000/cybergeo.28546
Lise Vaudor,Sébastien Rey-Coyrehourcq,Fabien Pfaender	"c(""lise-vaudor_FacetSep_Lise Vaudor"", ""sebastien-rey-coyrehourcq_FacetSep_Sébastien Rey-Coyrehourcq"", ""_FacetSep_Fabien Pfaender"")"	cel-02285503	LECTURE	2018	https://shs.hal.science/cel-02285503/document	10.5281/zenodo.3406767
Hadrossek Christine,Myriam Baron,Claude Grasland,Nicolas Lambert,Sophie de Ruffray,Christine Zanin	"c(""_FacetSep_Hadrossek Christine"", ""myriam-baron_FacetSep_Myriam Baron"", ""claude-grasland_FacetSep_Claude Grasland"", ""nicolas-lambert_FacetSep_Nicolas Lambert"", ""sophie-de-ruffray_FacetSep_Sophie de Ruffray"", ""christine-zanin_FacetSep_Christine Zanin"")"	hal-01383180	OUV	2016	https://hal.science/hal-01383180/document	NA
Pascal Bertran,Dominique Todisco,Jean-Guillaume Bordes,Emmanuel Discamps,Luc Vallin	"c(""_FacetSep_Pascal Bertran"", ""dominique-todisco_FacetSep_Dominique Todisco"", ""_FacetSep_Jean-Guillaume Bordes"", ""emmanuel-discamps_FacetSep_Emmanuel Discamps"", ""_FacetSep_Luc Vallin"")"	hal-02556746	ART	2019	https://inrap.hal.science/hal-02556746/document	10.4000/paleo.4378
Daniel Brunstein,Damase Mouralis,Delphine Grancher,Bastien Varoutsikos	"c(""daniel-brunstein_FacetSep_Daniel Brunstein"", ""damase-mouralis_FacetSep_Damase Mouralis"", ""delphine-grancher_FacetSep_Delphine Grancher"", ""_FacetSep_Bastien Varoutsikos"")"	hal-01854404	COMM	2018	https://hal.science/hal-01854404/document	NA
Hélène Nessi,Benoit Conti,Laurent Proulhac,Patricia Sajous,Mariane Thébert	"c(""_FacetSep_Hélène Nessi"", ""benoit-conti_FacetSep_Benoit Conti"", ""_FacetSep_Laurent Proulhac"", ""patricia-sajous_FacetSep_Patricia Sajous"", ""mariane-thebert_FacetSep_Mariane Thébert"")"	hal-01675670	ART	2017	https://hal.parisnanterre.fr/hal-01675670/document	NA
Didier Cailhol,Philippe Audra,Carole Nehme,Fadi-Henri Nader,Mladen Garašić,Vasile Heresanu,Salih Gucel,Iris Charalambidou,Lauren Satterfield,Hai Cheng,R. Lawrence Edwards	"c(""didier-cailhol_FacetSep_Didier Cailhol"", ""_FacetSep_Philippe Audra"", ""carole-nehme_FacetSep_Carole Nehme"", ""_FacetSep_Fadi-Henri Nader"", ""_FacetSep_Mladen Garašić"", ""vasile-heresanu_FacetSep_Vasile Heresanu"", ""_FacetSep_Salih Gucel"", ""_FacetSep_Iris Charalambidou"", ""_FacetSep_Lauren Satterfield"", ""_FacetSep_Hai Cheng"", ""_FacetSep_R. Lawrence Edwards"")"	hal-02150296	ART	2019	https://ifp.hal.science/hal-02150296/document	10.3986/ac.v48i1.6782
Patricia Sajous,Mariane Thébert,Hélène Nessi,Monica Coralli	"c(""patricia-sajous_FacetSep_Patricia Sajous"", ""mariane-thebert_FacetSep_Mariane Thébert"", ""_FacetSep_Hélène Nessi"", ""_FacetSep_Monica Coralli"")"	hal-01675610	ART	2016	https://hal.parisnanterre.fr/hal-01675610/document	10.4000/netcom.1869
Pierrick Tranouez,Éric Daudé,Patrick Taillandier,Guillaume Czura,Géraldine del Mondo	"c(""pierrick-tranouez_FacetSep_Pierrick Tranouez"", ""eric-daude_FacetSep_Éric Daudé"", ""patrick-taillandier_FacetSep_Patrick Taillandier"", ""_FacetSep_Guillaume Czura"", ""geraldine-del-mondo_FacetSep_Géraldine del Mondo"")"	hal-02111135	COMM	2018	https://hal.science/hal-02111135/document	NA
Sébastien Oliveau,Isabelle Blöss-Widmer,Yoann Doignon,Clément De Belsunce	"c(""oliveau_FacetSep_Sébastien Oliveau"", ""isabelle-bloss-widmer_FacetSep_Isabelle Blöss-Widmer"", ""yoann-doignon_FacetSep_Yoann Doignon"", ""clement-de-belsunce_FacetSep_Clément De Belsunce"")"	halshs-03083923	ART	2020	https://shs.hal.science/halshs-03083923/document	10.4000/ema.13176
Émilie Biland,Sibylle Gollac,Hélène Oehmichen,Nicolas Rafin,Hélène Steinmetz	"c(""emilie-biland_FacetSep_Émilie Biland"", ""sibylle-gollac_FacetSep_Sibylle Gollac"", ""helene-oehmichen_FacetSep_Hélène Oehmichen"", ""_FacetSep_Nicolas Rafin"", ""helene-steinmetz_FacetSep_Hélène Steinmetz"")"	hal-03091126	ART	2020	https://hal.science/hal-03091126/document	10.3917/drs1.106.0547
Juste Raimbault,Pierre-Olivier Chasset,Clémentine Cottineau,Hadrien Commenges,Denise Pumain,Christine Kosmopoulos,Arnaud Banos	"c(""juste-raimbault_FacetSep_Juste Raimbault"", ""pierre-olivier-chasset_FacetSep_Pierre-Olivier Chasset"", ""clementine-cottineau_FacetSep_Clémentine Cottineau"", ""hadrien-commenges_FacetSep_Hadrien Commenges"", ""denise-pumain_FacetSep_Denise Pumain"", ""christine-kosmopoulos_FacetSep_Christine Kosmopoulos"", ""arnaud-banos_FacetSep_Arnaud Banos"")"	halshs-02274632	ART	2019	https://shs.hal.science/halshs-02274632/document	10.1177/2399808319870816
Samuel Deprez,Sophie Lestrade,Bernadette Merenne-Schoumaker,René-Paul Desse,Jean Soumagne	"c(""deprez-samuel_FacetSep_Samuel Deprez"", ""sophie-lestrade_FacetSep_Sophie Lestrade"", ""_FacetSep_Bernadette Merenne-Schoumaker"", ""_FacetSep_René-Paul Desse"", ""_FacetSep_Jean Soumagne"")"	hal-01471984	OTHER	2017	https://hal.science/hal-01471984/document	NA
Éric Daudé,Kevin Chapuis,Patrick Taillandier,Pierrick Tranouez,Clément Caron,Alexis Drogoul,Benoit Gaudou,Sebastien Rey-Coyrehourq,Arnaud Saval,Jean-Daniel Zucker	"c(""eric-daude_FacetSep_Éric Daudé"", ""_FacetSep_Kevin Chapuis"", ""patrick-taillandier_FacetSep_Patrick Taillandier"", ""pierrick-tranouez_FacetSep_Pierrick Tranouez"", ""_FacetSep_Clément Caron"", ""_FacetSep_Alexis Drogoul"", ""benoit-gaudou_FacetSep_Benoit Gaudou"", ""_FacetSep_Sebastien Rey-Coyrehourq"", ""_FacetSep_Arnaud Saval"", ""jean-daniel-zucker_FacetSep_Jean-Daniel Zucker"")"	hal-02130387	COMM	2019	https://hal.science/hal-02130387/document	NA
Arnaud Banos,Nathalie Corson,Éric Daudé,Benoit Gaudou,Sébastien Rey-Coyrehourcq	"c(""arnaud-banos_FacetSep_Arnaud Banos"", ""_FacetSep_Nathalie Corson"", ""eric-daude_FacetSep_Éric Daudé"", ""benoit-gaudou_FacetSep_Benoit Gaudou"", ""sebastien-rey-coyrehourcq_FacetSep_Sébastien Rey-Coyrehourcq"")"	hal-01829756	COUV	2017	https://hal.science/hal-01829756/document	10.1016/B978-1-78548-157-4.50003-0
Jennifer Bidet,Leila Drif,Anna Perraudin,Hélène Steinmetz,Dimitri Galitzine	"c(""jenniferbidet_FacetSep_Jennifer Bidet"", ""_FacetSep_Leila Drif"", ""anna-perraudin_FacetSep_Anna Perraudin"", ""helene-steinmetz_FacetSep_Hélène Steinmetz"", ""dimitri-galitzine_FacetSep_Dimitri Galitzine"")"	medihal-02281824	VIDEO	2019	https://media.hal.science/medihal-02281824/document	NA
Eduardo Gomes,Patricia Abrantes,Arnaud Banos,Jorge Rocha	"c(""_FacetSep_Eduardo Gomes"", ""_FacetSep_Patricia Abrantes"", ""arnaud-banos_FacetSep_Arnaud Banos"", ""_FacetSep_Jorge Rocha"")"	halshs-02096179	ART	2019	https://shs.hal.science/halshs-02096179/document	10.1016/j.landusepol.2019.03.027
Monika dos Santos,David Howard,Pieter Kruger,Arnaud Banos,Saul Kornik	"c(""_FacetSep_Monika dos Santos"", ""_FacetSep_David Howard"", ""_FacetSep_Pieter Kruger"", ""arnaud-banos_FacetSep_Arnaud Banos"", ""_FacetSep_Saul Kornik"")"	hal-01993273	ART	2019	https://hal.science/hal-01993273/document	10.3390/su11020496
Carole Adam,Patrick Taillandier,Julie Dugdale,Benoit Gaudou	"c(""carole-adam_FacetSep_Carole Adam"", ""patrick-taillandier_FacetSep_Patrick Taillandier"", ""julie-dugdale_FacetSep_Julie Dugdale"", ""benoit-gaudou_FacetSep_Benoit Gaudou"")"	halshs-02107058	ART	2017	https://shs.hal.science/halshs-02107058/document	10.4018/IJISCRAM.2017010103
Patrick Taillandier,Mathieu Bourgais,Alexis Drogoul,Laurent Vercouter	"c(""patrick-taillandier_FacetSep_Patrick Taillandier"", ""mathieu-bourgais_FacetSep_Mathieu Bourgais"", ""_FacetSep_Alexis Drogoul"", ""laurent-vercouter_FacetSep_Laurent Vercouter"")"	hal-01573385	COMM	2017	https://hal.science/hal-01573385/document	NA
Carole Nehme,Sophie Verheyden,Fadi-Henri Nader,Jocelyne Adjizian-Gérard,Dominique Genty,Kevin de Bont,Bénédicte Minster,Ghada Salem,David Verstraten,Philippe Clayes	"c(""carole-nehme_FacetSep_Carole Nehme"", ""verheyden-s_FacetSep_Sophie Verheyden"", ""_FacetSep_Fadi-Henri Nader"", ""_FacetSep_Jocelyne Adjizian-Gérard"", ""dominique-genty_FacetSep_Dominique Genty"", ""_FacetSep_Kevin de Bont"", ""_FacetSep_Bénédicte Minster"", ""_FacetSep_Ghada Salem"", ""_FacetSep_David Verstraten"", ""_FacetSep_Philippe Clayes"")"	hal-02373788	ART	2019	https://hal.science/hal-02373788/document	10.5038/1827-806X.48.1.2253
Mariane Thébert,Monica Coralli,Hélène Nessi,Patricia Sajous	"c(""mariane-thebert_FacetSep_Mariane Thébert"", ""_FacetSep_Monica Coralli"", ""_FacetSep_Hélène Nessi"", ""patricia-sajous_FacetSep_Patricia Sajous"")"	hal-01675649	ART	2016	https://hal.parisnanterre.fr/hal-01675649/document	10.3166/ges.18.59-88
Damien Philippon,Marc Choisy,Alexis Drogoul,Benoit Gaudou,Nicolas Marilleau,Patrick Taillandier,Chi Quang Truong	"c(""_FacetSep_Damien Philippon"", ""_FacetSep_Marc Choisy"", ""_FacetSep_Alexis Drogoul"", ""benoit-gaudou_FacetSep_Benoit Gaudou"", ""_FacetSep_Nicolas Marilleau"", ""patrick-taillandier_FacetSep_Patrick Taillandier"", ""_FacetSep_Chi Quang Truong"")"	hal-01690134	COMM	2016	https://hal.science/hal-01690134/document	10.1007/978-3-319-67477-3_6
Eric Delamotte,Philippe Jeanne,Odile Chenevez,Marlène Loicq,Alexandre Serres,Cédric Fluckiger,Ivana Ballarini-Santonocito,Marie-Laure Compant La Fontaine	"c(""_FacetSep_Eric Delamotte"", ""_FacetSep_Philippe Jeanne"", ""_FacetSep_Odile Chenevez"", ""marlene-loicq_FacetSep_Marlène Loicq"", ""alexandreserres_FacetSep_Alexandre Serres"", ""cedric-fluckiger_FacetSep_Cédric Fluckiger"", ""_FacetSep_Ivana Ballarini-Santonocito"", ""marie-laure-compantlafontaine_FacetSep_Marie-Laure Compant La Fontaine"")"	sic_01552080	REPORT	2017	https://archivesic.ccsd.cnrs.fr/sic_01552080/document	NA
Claude Grasland,Robin Lamarche-Perrin,Marion Le Texier,Hugues Pecout,Sophie de Ruffray,Angelika Studeny,Jean-Marc Vincent	"c(""claude-grasland_FacetSep_Claude Grasland"", ""_FacetSep_Robin Lamarche-Perrin"", ""marion-le-texier_FacetSep_Marion Le Texier"", ""hpecout_FacetSep_Hugues Pecout"", ""sophie-de-ruffray_FacetSep_Sophie de Ruffray"", ""_FacetSep_Angelika Studeny"", ""jean-marc-vincent_FacetSep_Jean-Marc Vincent"")"	hal-01353612	COMM	2016	https://hal.science/hal-01353612/document	NA
Éric Daudé,Kevin Chapuis,Patrick Taillandier,Pierrick Tranouez,Clément Caron,Alexis Drogoul,Benoit Gaudou,Sébastien Rey-Coyrehourcq,Arnaud Saval,Jean-Daniel Zucker	"c(""eric-daude_FacetSep_Éric Daudé"", ""_FacetSep_Kevin Chapuis"", ""patrick-taillandier_FacetSep_Patrick Taillandier"", ""pierrick-tranouez_FacetSep_Pierrick Tranouez"", ""_FacetSep_Clément Caron"", ""_FacetSep_Alexis Drogoul"", ""benoit-gaudou_FacetSep_Benoit Gaudou"", ""sebastien-rey-coyrehourcq_FacetSep_Sébastien Rey-Coyrehourcq"", ""_FacetSep_Arnaud Saval"", ""jean-daniel-zucker_FacetSep_Jean-Daniel Zucker"")"	halshs-02144058	COMM	2019	https://shs.hal.science/halshs-02144058/document	NA
Benoit Gaudou,Christophe Lang,Marilleau Nicolas,Guilhelm Savin,Sébastien Rey-Coyrehourcq,Jean-Marc Nicod	"c(""benoit-gaudou_FacetSep_Benoit Gaudou"", ""_FacetSep_Christophe Lang"", ""_FacetSep_Marilleau Nicolas"", ""_FacetSep_Guilhelm Savin"", ""sebastien-rey-coyrehourcq_FacetSep_Sébastien Rey-Coyrehourcq"",""_FacetSep_Jean-Marc Nicod"")"	hal-01829789	COUV	2017	https://hal.science/hal-01829789/document	10.1016/C2015-0-01197-2
Daniel Joly,Madeleine Griselin,Christelle Marlin,Jean-Michel Friedt,Eric Bernard,Florian Tolle,Samuel Etienne,Jim Hansom,Donald Forbes,Denis Mercier,Martha Raynold,Geir Arnesen,Lennart Nilsen,Armelle Decaulne,Yvette Vaguet,Jacques Mra Guillaume,Eric Navet,Karen Hoffmann-Schickel	"c(""_FacetSep_Daniel Joly"", ""_FacetSep_Madeleine Griselin"", ""_FacetSep_Christelle Marlin"", ""_FacetSep_Jean-Michel Friedt"", ""_FacetSep_Eric Bernard"", ""_FacetSep_Florian Tolle"", ""samuel-etienne_FacetSep_Samuel Etienne"", ""_FacetSep_Jim Hansom"", ""_FacetSep_Donald Forbes"", ""dmercier_FacetSep_Denis Mercier"", ""_FacetSep_Martha Raynold"", ""_FacetSep_Geir Arnesen"", ""_FacetSep_Lennart Nilsen"", ""armelle-decaulne_FacetSep_Armelle Decaulne"", ""yvette-vaguet_FacetSep_Yvette Vaguet"", ""_FacetSep_Jacques Mra Guillaume"",""_FacetSep_Eric Navet"", ""_FacetSep_Karen Hoffmann-Schickel"")"	hal-01425238	OUV	2016	https://hal.science/hal-01425238/document	NA
Patrick Taillandier,Mathieu Bourgais,Philippe Caillou,Carole Adam,Benoit Gaudou	"c(""patrick-taillandier_FacetSep_Patrick Taillandier"", ""mathieu-bourgais_FacetSep_Mathieu Bourgais"", ""pcaillou_FacetSep_Philippe Caillou"", ""carole-adam_FacetSep_Carole Adam"", ""benoit-gaudou_FacetSep_Benoit Gaudou"")"	hal-01391002	COMM	2016	https://inria.hal.science/hal-01391002/document	10.3233/978-1-61499-254-7-395
Julie Couronné,Julie Bene,Agathe Dirani,Camille Dupuy,Sandra Gaviria,Dominique Glaymann,Christine Guégnard,Maria Eugenia Longo,David Mélo,Marjolaine Noël,François Sarfati,Loïc Szerdahelyi,Julie Simha,Angelica Trindade-Chadeau	"c(""_FacetSep_Julie Couronné"", ""_FacetSep_Julie Bene"", ""agathe-dirani_FacetSep_Agathe Dirani"", ""camille-dupuy_FacetSep_Camille Dupuy"", ""_FacetSep_Sandra Gaviria"", ""dominique-glaymann_FacetSep_Dominique Glaymann"", ""christine-guegnard_FacetSep_Christine Guégnard"", ""_FacetSep_Maria Eugenia Longo"", ""_FacetSep_David Mélo"", ""_FacetSep_Marjolaine Noël"", ""francois-sarfati_FacetSep_François Sarfati"", ""loic-szerdahelyi_FacetSep_Loïc Szerdahelyi"", ""_FacetSep_Julie Simha"", ""_FacetSep_Angelica Trindade-Chadeau"")"	halshs-02451365	REPORT	2019	https://shs.hal.science/halshs-02451365/document	NA
Aurélie Fillod-Chabaud,Céline Bessière,Émilie Biland,Benoît Coquard,Sibylle Gollac,Wilfried Lignier,Muriel Mille,Julie Minoc,Samuel Neuberg,Sabrina Nouiri-Mangold,Hélène Steinmetz	"c(""aurelie-fillod-chabaud_FacetSep_Aurélie Fillod-Chabaud"", ""_FacetSep_Céline Bessière"", ""emilie-biland_FacetSep_Émilie Biland"", ""benoit-coquard_FacetSep_Benoît Coquard"", ""sibylle-gollac_FacetSep_Sibylle Gollac"", ""wilfriedlignier_FacetSep_Wilfried Lignier"", ""muriel-mille_FacetSep_Muriel Mille"", ""julie-minoc_FacetSep_Julie Minoc"", ""_FacetSep_Samuel Neuberg"", ""sabrina-nouiri-mangold_FacetSep_Sabrina Nouiri-Mangold"", ""helene-steinmetz_FacetSep_Hélène Steinmetz"")"	hal-01526615	ART	2016	https://amu.hal.science/hal-01526615/document	NA
